{
    "model_type": "RandomForest",
    "use_grid_search": true,
    "classification": {
        "best_params": {},
        "metrics": {
            "accuracy": 0.9034552845528455,
            "precision": 0.8899803536345776,
            "recall": 0.9207317073170732,
            "f1_score": 0.9050949050949051
        }
    },
    "regression": {
        "best_params": {},
        "metrics": {
            "r2_score": 0.9036071946692974,
            "mae": 0.29856212934900134,
            "mse": 0.22972830290509752,
            "rmse": 0.4792998048248064,
            "explained_variance_score": 0.903609474598017
        }
    }
}