{
    "model_type": "RandomForest",
    "use_grid_search": true,
    "classification": {
        "best_params": {},
        "metrics": {
            "accuracy": 0.9065040650406504,
            "precision": 0.8891050583657587,
            "recall": 0.9288617886178862,
            "f1_score": 0.9085487077534792
        }
    },
    "regression": {
        "best_params": {},
        "metrics": {
            "r2_score": 0.9054897458362728,
            "mae": 0.29507507188044363,
            "mse": 0.22524170991470216,
            "rmse": 0.4745963652565221,
            "explained_variance_score": 0.9054906539373226
        }
    }
}