{
    "model_type": "RandomForest",
    "use_grid_search": true,
    "classification": {
        "best_params": {},
        "metrics": {
            "accuracy": 0.9034552845528455,
            "precision": 0.8884540117416829,
            "recall": 0.9227642276422764,
            "f1_score": 0.905284147557328
        }
    },
    "regression": {
        "best_params": {},
        "metrics": {
            "r2_score": 0.9041407436667606,
            "mae": 0.2967552534670421,
            "mse": 0.22845672142883083,
            "rmse": 0.477971465078022,
            "explained_variance_score": 0.9041411210307744
        }
    }
}