{
    "model_type": "RandomForest",
    "use_grid_search": true,
    "classification": {
        "best_params": {},
        "metrics": {
            "accuracy": 0.9034552845528455,
            "precision": 0.8869395711500975,
            "recall": 0.9247967479674797,
            "f1_score": 0.9054726368159204
        }
    },
    "regression": {
        "best_params": {},
        "metrics": {
            "r2_score": 0.9053548484541124,
            "mae": 0.2971811760257608,
            "mse": 0.22556320431009555,
            "rmse": 0.47493494745080145,
            "explained_variance_score": 0.9053548541929651
        }
    }
}