{
    "model_type": "RandomForest",
    "use_grid_search": true,
    "classification": {
        "best_params": {},
        "metrics": {
            "accuracy": 0.9105691056910569,
            "precision": 0.904,
            "recall": 0.9186991869918699,
            "f1_score": 0.9112903225806451
        }
    },
    "regression": {
        "best_params": {},
        "metrics": {
            "r2_score": 0.9063191283478277,
            "mae": 0.294835076467922,
            "mse": 0.22326508275684553,
            "rmse": 0.4725093467401947,
            "explained_variance_score": 0.9063200215045477
        }
    }
}