{
    "model_type": "RandomForest",
    "use_grid_search": true,
    "classification": {
        "best_params": {},
        "metrics": {
            "accuracy": 0.9044715447154471,
            "precision": 0.8901960784313725,
            "recall": 0.9227642276422764,
            "f1_score": 0.906187624750499
        }
    },
    "regression": {
        "best_params": {},
        "metrics": {
            "r2_score": 0.9070205926935264,
            "mae": 0.2946184068821355,
            "mse": 0.22159331676629304,
            "rmse": 0.4707369931992737,
            "explained_variance_score": 0.9070279901583446
        }
    }
}