{
    "model_type": "RandomForest",
    "use_grid_search": true,
    "classification": {
        "best_params": {},
        "metrics": {
            "accuracy": 0.9105691056910569,
            "precision": 0.8976377952755905,
            "recall": 0.926829268292683,
            "f1_score": 0.912
        }
    },
    "regression": {
        "best_params": {},
        "metrics": {
            "r2_score": 0.9044841468653857,
            "mae": 0.2972242065206005,
            "mse": 0.22763830522274903,
            "rmse": 0.47711456194791313,
            "explained_variance_score": 0.9044849690400885
        }
    }
}