{
    "model_type": "XGBoost",
    "use_grid_search": true,
    "classification": {
        "best_params": {
            "learning_rate": 0.2,
            "max_depth": 5,
            "min_child_weight": 1,
            "n_estimators": 300
        },
        "metrics": {
            "accuracy": 0.9136178861788617,
            "precision": 0.898238747553816,
            "recall": 0.9329268292682927,
            "f1_score": 0.9152542372881356
        }
    },
    "regression": {
        "best_params": {
            "learning_rate": 0.2,
            "max_depth": 4,
            "min_child_weight": 5,
            "n_estimators": 300
        },
        "metrics": {
            "r2_score": 0.9165152534249769,
            "mae": 0.27623642519008657,
            "mse": 0.1989651518424424,
            "rmse": 0.4460550995588352,
            "explained_variance_score": 0.916519892248271
        }
    }
}