{
    "model_type": "RandomForest",
    "use_grid_search": true,
    "classification": {
        "best_params": {
            "max_depth": 30,
            "min_samples_leaf": 1,
            "min_samples_split": 5,
            "n_estimators": 300
        },
        "metrics": {
            "accuracy": 0.9095528455284553,
            "precision": 0.8958742632612967,
            "recall": 0.926829268292683,
            "f1_score": 0.9110889110889111
        }
    },
    "regression": {
        "best_params": {
            "max_depth": 40,
            "min_samples_leaf": 1,
            "min_samples_split": 2,
            "n_estimators": 200
        },
        "metrics": {
            "r2_score": 0.9067157204014431,
            "mae": 0.29552387064146124,
            "mse": 0.22231990412955965,
            "rmse": 0.4715081167165202,
            "explained_variance_score": 0.9067163849106479
        }
    }
}